,Unnamed: 0,ground_truth_output,num_queries,original_output,original_score,original_text,perturbed_output,perturbed_score,perturbed_text,result_type,bleu,sem,acpt_per,acpt_orig,acpt,id,original_text_raw,perturbed_text_raw
622,622,0.0,78.0,0.0,0.0008554458618164062,a good-looking but ultimately [[pointless]] political thriller with plenty of action and almost no substance .,0.0,0.4516178965568543,a good-looking but ultimately [[dispensable]] political thriller with plenty of action and almost no substance .,Successful,0.8153551038173115,0.9395307302474976,-37.31086349487305,-35.434600830078125,-1.8762626647949217,kuleshov-622,a good-looking but ultimately pointless political thriller with plenty of action and almost no substance .,a good-looking but ultimately dispensable political thriller with plenty of action and almost no substance .
123,123,1.0,74.0,1.0,0.000987410545349121,"in imax in [[short]] , it's just as [[wonderful]] on the [[big]] screen .",0.0,0.9522228240966796,"in imax in [[abridged]] , it's just as [[wondrous]] on the [[hefty]] screen .",Successful,0.31314224813827346,0.7710873484611511,-43.2398681640625,-40.71403503417969,-2.5258331298828125,kuleshov-123,"in imax in short , it's just as wonderful on the big screen .","in imax in abridged , it's just as wondrous on the hefty screen ."
844,844,0.0,54.0,0.0,0.0005248188972473145,eckstraordinarily [[lame]] and severely [[boring]] .,1.0,0.99534410238266,eckstraordinarily [[nought]] and severely [[piercing]] .,Successful,0.6042750794713536,0.32912373542785645,-46.13691329956055,-45.02569580078125,-1.1112174987792969,kuleshov-844,eckstraordinarily lame and severely boring .,eckstraordinarily nought and severely piercing .
429,429,1.0,348.0,1.0,0.0004979372024536133,"its use of the thriller form to examine the labyrinthine ways in which people's lives cross and change , buffeted by events seemingly out of their control , is [[intriguing]] , [[provocative]] stuff .",0.0,0.9991391897201538,"its use of the thriller form to examine the labyrinthine ways in which people's lives cross and change , buffeted by events seemingly out of their control , is [[puzzling]] , [[seditious]] stuff .",Successful,0.8746718302305597,0.9406832456588744,-43.128326416015625,-41.9531478881836,-1.1751785278320312,kuleshov-429,"its use of the thriller form to examine the labyrinthine ways in which people's lives cross and change , buffeted by events seemingly out of their control , is intriguing , provocative stuff .","its use of the thriller form to examine the labyrinthine ways in which people's lives cross and change , buffeted by events seemingly out of their control , is puzzling , seditious stuff ."
411,411,0.0,62.0,0.0,0.20325028896331787,"belongs in the too-hot-for-tv direct-to-video/dvd category , and this is why i have [[given]] it a one-star rating .",1.0,0.944175899028778,"belongs in the too-hot-for-tv direct-to-video/dvd category , and this is why i have [[granted]] it a one-star rating .",Successful,0.8492326635760689,0.958806037902832,-36.53837966918945,-35.77946472167969,-0.7589149475097656,kuleshov-411,"belongs in the too-hot-for-tv direct-to-video/dvd category , and this is why i have given it a one-star rating .","belongs in the too-hot-for-tv direct-to-video/dvd category , and this is why i have granted it a one-star rating ."
24,24,0.0,131.0,0.0,0.0006192922592163086,"directed in a [[flashy]] , empty sub-music video style by a director so self-possessed he actually adds a period to his first name",0.0,0.44918155670166016,"directed in a [[brilliant]] , empty sub-music video style by a director so self-possessed he actually adds a period to his first name",Successful,0.8787419089273848,0.9555267691612244,-42.84579086303711,-42.78530883789063,-0.060482025146484375,kuleshov-24,"directed in a flashy , empty sub-music video style by a director so self-possessed he actually adds a period to his first name","directed in a brilliant , empty sub-music video style by a director so self-possessed he actually adds a period to his first name"
456,456,1.0,617.0,1.0,0.0011088252067565918,"this kind of hands-on storytelling is ultimately what makes shanghai ghetto move [[beyond]] a [[good]] , dry , [[reliable]] textbook and what allows it to [[rank]] with its worthy predecessors .",0.0,0.9838985800743104,"this kind of hands-on storytelling is ultimately what makes shanghai ghetto move [[additionally]] a [[buena]] , dry , [[reputable]] textbook and what allows it to [[grading]] with its worthy predecessors .",Successful,0.6672475717740914,0.9003686904907227,-54.10577011108398,-50.62583923339844,-3.479930877685547,kuleshov-456,"this kind of hands-on storytelling is ultimately what makes shanghai ghetto move beyond a good , dry , reliable textbook and what allows it to rank with its worthy predecessors .","this kind of hands-on storytelling is ultimately what makes shanghai ghetto move additionally a buena , dry , reputable textbook and what allows it to grading with its worthy predecessors ."
865,865,0.0,148.0,0.0,0.0049721598625183105,the niftiest [[trick]] perpetrated by the importance of being [[earnest]] is the alchemical transmogrification of wilde into austen--and a hollywood-ized austen at that .,1.0,0.7974911332130432,the niftiest [[deceit]] perpetrated by the importance of being [[heartfelt]] is the alchemical transmogrification of wilde into austen--and a hollywood-ized austen at that .,Successful,0.778414310910921,0.9037532806396484,-47.3463249206543,-46.76068878173828,-0.5856361389160156,kuleshov-865,the niftiest trick perpetrated by the importance of being earnest is the alchemical transmogrification of wilde into austen--and a hollywood-ized austen at that .,the niftiest deceit perpetrated by the importance of being heartfelt is the alchemical transmogrification of wilde into austen--and a hollywood-ized austen at that .
82,82,1.0,54.0,1.0,0.003400862216949463,"unpretentious , charming , [[quirky]] , original",0.0,0.5974597930908203,"unpretentious , charming , [[demented]] , original",Successful,0.488923022434901,0.8750473856925964,-32.16397476196289,-31.33426856994629,-0.8297061920166016,kuleshov-82,"unpretentious , charming , quirky , original","unpretentious , charming , demented , original"
51,51,0.0,600.0,0.0,0.001592576503753662,"the first [[mistake]] , i suspect , is [[casting]] shatner as a legendary professor and kunis as a [[brilliant]] college student--where's pauly shore as the [[rocket]] scientist ?",1.0,0.7574489116668701,"the first [[misspelled]] , i suspect , is [[blown]] shatner as a legendary professor and kunis as a [[marvelous]] college student--where's pauly shore as the [[howitzers]] scientist ?",Successful,0.6148406922119201,0.9078627228736876,-55.39284133911133,-53.4990348815918,-1.8938064575195312,kuleshov-51,"the first mistake , i suspect , is casting shatner as a legendary professor and kunis as a brilliant college student--where's pauly shore as the rocket scientist ?","the first misspelled , i suspect , is blown shatner as a legendary professor and kunis as a marvelous college student--where's pauly shore as the howitzers scientist ?"
172,172,1.0,314.0,1.0,0.0006582140922546388,"spielberg's realization of a near-future america is [[masterful]] . this makes minority report [[necessary]] viewing for sci-fi fans , as the film has some of the best special effects ever .",0.0,0.996122658252716,"spielberg's realization of a near-future america is [[stupendous]] . this makes minority report [[require]] viewing for sci-fi fans , as the film has some of the best special effects ever .",Successful,0.8232325806433648,0.9765326976776124,-43.98693084716797,-44.02542495727539,0.03849411010742188,kuleshov-172,"spielberg's realization of a near-future america is masterful . this makes minority report necessary viewing for sci-fi fans , as the film has some of the best special effects ever .","spielberg's realization of a near-future america is stupendous . this makes minority report require viewing for sci-fi fans , as the film has some of the best special effects ever ."
245,245,1.0,82.0,1.0,0.0007600784301757812,a movie of technical skill and [[rare]] depth of intellect and feeling .,0.0,0.9994302988052368,a movie of technical skill and [[scant]] depth of intellect and feeling .,Successful,0.7611606003349892,0.9540563821792604,-38.97575759887695,-37.5545768737793,-1.4211807250976562,kuleshov-245,a movie of technical skill and rare depth of intellect and feeling .,a movie of technical skill and scant depth of intellect and feeling .
553,553,1.0,45.0,1.0,0.0026444196701049805,"as it turns out , you can [[go]] home again .",0.0,0.9753343462944032,"as it turns out , you can [[skip]] home again .",Successful,0.7016879391277372,0.7640945911407471,-31.02922821044922,-30.785236358642575,-0.24399185180664065,kuleshov-553,"as it turns out , you can go home again .","as it turns out , you can skip home again ."
703,703,0.0,226.0,0.0,0.0009933114051818848,"while holm is [[terrific]] as both men and hjejle quite appealing , the film [[fails]] to make the most out of the intriguing premise .",1.0,0.8265953660011292,"while holm is [[wondrous]] as both men and hjejle quite appealing , the film [[not]] to make the most out of the intriguing premise .",Successful,0.7749224723289705,0.9487658739089966,-50.16265106201172,-46.09925079345703,-4.063400268554688,kuleshov-703,"while holm is terrific as both men and hjejle quite appealing , the film fails to make the most out of the intriguing premise .","while holm is wondrous as both men and hjejle quite appealing , the film not to make the most out of the intriguing premise ."
914,914,0.0,534.0,0.0,0.0011906623840332033,"as it stands , crocodile hunter has the hurried , badly [[cobbled]] [[look]] of the 1959 godzilla , which combined scenes of a japanese monster flick with canned shots of raymond burr commenting on the monster's path of destruction .",1.0,0.9003831744194031,"as it stands , crocodile hunter has the hurried , badly [[alleyways]] [[admire]] of the 1959 godzilla , which combined scenes of a japanese monster flick with canned shots of raymond burr commenting on the monster's path of destruction .",Successful,0.9076141716697396,0.9821133613586426,-53.76152038574219,-52.33016586303711,-1.431354522705078,kuleshov-914,"as it stands , crocodile hunter has the hurried , badly cobbled look of the 1959 godzilla , which combined scenes of a japanese monster flick with canned shots of raymond burr commenting on the monster's path of destruction .","as it stands , crocodile hunter has the hurried , badly alleyways admire of the 1959 godzilla , which combined scenes of a japanese monster flick with canned shots of raymond burr commenting on the monster's path of destruction ."
970,970,0.0,601.0,0.0,0.0012845993041992188,"if a few good men told us that we "" can't handle the truth "" than high crimes poetically [[states]] at one [[point]] in this movie that we "" don't [[care]] about the [[truth]] . """,1.0,0.8077698945999146,"if a few good men told us that we "" can't handle the truth "" than high crimes poetically [[affirms]] at one [[theme]] in this movie that we "" don't [[merciful]] about the [[lowdown]] . """,Successful,0.720113170857006,0.8671160936355591,-50.23701858520508,-44.10026550292969,-6.1367530822753915,kuleshov-970,"if a few good men told us that we "" can't handle the truth "" than high crimes poetically states at one point in this movie that we "" don't care about the truth . ""","if a few good men told us that we "" can't handle the truth "" than high crimes poetically affirms at one theme in this movie that we "" don't merciful about the lowdown . """
107,107,0.0,212.0,0.0,0.0957983136177063,"the film . . . presents classic moral-condundrum drama : what would you have done to survive ? the problem with the film is [[whether]] these ambitions , laudable in themselves , justify a theatrical simulation of the death camp of auschwitz ii-birkenau .",1.0,0.9950239062309264,"the film . . . presents classic moral-condundrum drama : what would you have done to survive ? the problem with the film is [[yet]] these ambitions , laudable in themselves , justify a theatrical simulation of the death camp of auschwitz ii-birkenau .",Successful,0.9400286519761379,0.9873943328857422,-47.50430297851562,-47.4819564819336,-0.02234649658203125,kuleshov-107,"the film . . . presents classic moral-condundrum drama : what would you have done to survive ? the problem with the film is whether these ambitions , laudable in themselves , justify a theatrical simulation of the death camp of auschwitz ii-birkenau .","the film . . . presents classic moral-condundrum drama : what would you have done to survive ? the problem with the film is yet these ambitions , laudable in themselves , justify a theatrical simulation of the death camp of auschwitz ii-birkenau ."
63,63,1.0,235.0,1.0,0.0029828548431396484,"it's a [[testament]] to de niro and director michael caton-jones that by movie's end , we [[accept]] the characters and the film , flaws and all .",0.0,0.9818888902664183,"it's a [[testimonials]] to de niro and director michael caton-jones that by movie's end , we [[tolerate]] the characters and the film , flaws and all .",Successful,0.8058778374128266,0.9469702243804932,-46.86216735839844,-47.79348373413086,0.931316375732422,kuleshov-63,"it's a testament to de niro and director michael caton-jones that by movie's end , we accept the characters and the film , flaws and all .","it's a testimonials to de niro and director michael caton-jones that by movie's end , we tolerate the characters and the film , flaws and all ."
565,565,0.0,409.0,0.0,0.0008665919303894043,[[director]] tom shadyac and [[star]] kevin costner glumly mishandle the story's [[promising]] [[premise]] of a physician who needs to heal himself .,1.0,0.5318063497543335,[[warden]] tom shadyac and [[celebrities]] kevin costner glumly mishandle the story's [[exhilarating]] [[asuncion]] of a physician who needs to heal himself .,Successful,0.6383964846132485,0.8256955146789551,-55.81645202636719,-52.03871536254883,-3.77773666381836,kuleshov-565,director tom shadyac and star kevin costner glumly mishandle the story's promising premise of a physician who needs to heal himself .,warden tom shadyac and celebrities kevin costner glumly mishandle the story's exhilarating asuncion of a physician who needs to heal himself .
625,625,0.0,133.0,0.0,0.00036156177520751953,[[marinated]] in [[clichés]] and [[mawkish]] dialogue .,1.0,0.9944938421249392,[[sirloin]] in [[melodrama]] and [[moralizing]] dialogue .,Successful,0.5555238068023582,0.6865544319152832,-40.63587951660156,-41.789310455322266,1.1534309387207031,kuleshov-625,marinated in clichés and mawkish dialogue .,sirloin in melodrama and moralizing dialogue .
867,867,0.0,105.0,0.0,0.0031268000602722172,. . . hopefully it'll be at the dollar theatres by the time christmas rolls around . [[wait]] to see it then .,1.0,0.9768213033676147,. . . hopefully it'll be at the dollar theatres by the time christmas rolls around . [[anticipation]] to see it then .,Successful,0.8787419089273848,0.9675862193107604,-35.92329025268555,-34.072826385498054,-1.8504638671875,kuleshov-867,. . . hopefully it'll be at the dollar theatres by the time christmas rolls around . wait to see it then .,. . . hopefully it'll be at the dollar theatres by the time christmas rolls around . anticipation to see it then .
809,809,1.0,346.0,1.0,0.0013290643692016602,"never [[lets]] go your emotions , taking them to surprising highs , sorrowful lows and hidden impulsive niches . . . gorgeous , passionate , and at times uncommonly [[moving]] .",1.0,0.315971314907074,"never [[entitles]] go your emotions , taking them to surprising highs , sorrowful lows and hidden impulsive niches . . . gorgeous , passionate , and at times uncommonly [[resettled]] .",Successful,0.8797735573892609,0.9605517387390136,-46.624855041503906,-46.61143493652344,-0.01342010498046875,kuleshov-809,"never lets go your emotions , taking them to surprising highs , sorrowful lows and hidden impulsive niches . . . gorgeous , passionate , and at times uncommonly moving .","never entitles go your emotions , taking them to surprising highs , sorrowful lows and hidden impulsive niches . . . gorgeous , passionate , and at times uncommonly resettled ."
936,936,0.0,171.0,0.0,0.0006147623062133789,there are many [[definitions]] of 'time waster' but this movie must [[surely]] be [[one]] of them .,1.0,0.975030243396759,there are many [[defining]] of 'time waster' but this movie must [[undeniably]] be [[solo]] of them .,Successful,0.5118285025257894,0.8037217855453491,-47.92223739624024,-43.07324600219727,-4.848991394042969,kuleshov-936,there are many definitions of 'time waster' but this movie must surely be one of them .,there are many defining of 'time waster' but this movie must undeniably be solo of them .
354,354,1.0,319.0,1.0,0.002846717834472656,the film was [[immensely]] [[enjoyable]] [[thanks]] to great [[performances]] by both steve buscemi and rosario dawson . . .,1.0,0.4526808261871338,the film was [[unimaginably]] [[agreeable]] [[tributes]] to great [[performer]] by both steve buscemi and rosario dawson . . .,Successful,0.5908871032231056,0.8792555332183838,-48.65888214111328,-48.86693954467773,0.20805740356445312,kuleshov-354,the film was immensely enjoyable thanks to great performances by both steve buscemi and rosario dawson . . .,the film was unimaginably agreeable tributes to great performer by both steve buscemi and rosario dawson . . .
219,219,0.0,58.0,0.0,0.0006576180458068848,"[[flat]] , [[misguided]] comedy .",1.0,0.9932304620742798,"[[stable]] , [[flawed]] comedy .",Successful,0.6223329772884784,0.597519040107727,-35.17544937133789,-38.29806900024414,3.12261962890625,kuleshov-219,"flat , misguided comedy .","stable , flawed comedy ."
46,46,1.0,280.0,1.0,0.0009569525718688963,"the story itself it mostly told through on-camera interviews with several survivors , [[whose]] riveting memories are rendered with such [[clarity]] that it's as if it all happened only yesterday .",0.0,0.9376736879348756,"the story itself it mostly told through on-camera interviews with several survivors , [[whoever]] riveting memories are rendered with such [[clarification]] that it's as if it all happened only yesterday .",Successful,0.8232325806433648,0.9623846411705016,-43.86956787109375,-41.19684982299805,-2.672718048095703,kuleshov-46,"the story itself it mostly told through on-camera interviews with several survivors , whose riveting memories are rendered with such clarity that it's as if it all happened only yesterday .","the story itself it mostly told through on-camera interviews with several survivors , whoever riveting memories are rendered with such clarification that it's as if it all happened only yesterday ."
593,593,0.0,230.0,0.0,0.00038039684295654297,mushes the college-friends [[genre]] ( the big chill ) [[together]] with the contrivances and [[overwrought]] emotion of soap operas .,1.0,0.9896904826164246,mushes the college-friends [[sorted]] ( the big chill ) [[generals]] with the contrivances and [[excitable]] emotion of soap operas .,Successful,0.540785378808267,0.7691491842269897,-50.57814025878906,-49.56806182861328,-1.0100784301757812,kuleshov-593,mushes the college-friends genre ( the big chill ) together with the contrivances and overwrought emotion of soap operas .,mushes the college-friends sorted ( the big chill ) generals with the contrivances and excitable emotion of soap operas .
278,278,0.0,75.0,0.0,0.00045162439346313477,"swims in [[mediocrity]] , sticking its head up for a breath of fresh air now and then .",1.0,0.9931439161300659,"swims in [[isamu]] , sticking its head up for a breath of fresh air now and then .",Successful,0.8578928092681435,0.8999927043914795,-35.39128112792969,-36.90461730957031,1.513336181640625,kuleshov-278,"swims in mediocrity , sticking its head up for a breath of fresh air now and then .","swims in isamu , sticking its head up for a breath of fresh air now and then ."
150,150,0.0,130.0,0.0,0.00041180849075317383,"'dragonfly' [[dwells]] on crossing-over mumbo jumbo , manipulative sentimentality , and [[sappy]] dialogue .",1.0,0.5507062673568726,"'dragonfly' [[blessedness]] on crossing-over mumbo jumbo , manipulative sentimentality , and [[mawkish]] dialogue .",Successful,0.6591844162499148,0.8826230764389038,-43.943504333496094,-41.66559219360352,-2.277912139892578,kuleshov-150,"'dragonfly' dwells on crossing-over mumbo jumbo , manipulative sentimentality , and sappy dialogue .","'dragonfly' blessedness on crossing-over mumbo jumbo , manipulative sentimentality , and mawkish dialogue ."
370,370,0.0,108.0,0.0,0.002268731594085693,feels [[strangely]] [[hollow]] at its emotional core .,1.0,0.998607099056244,feels [[stunningly]] [[unoccupied]] at its emotional core .,Successful,0.5410822690539396,0.7838815450668335,-38.65882110595703,-40.115867614746094,1.4570465087890625,kuleshov-370,feels strangely hollow at its emotional core .,feels stunningly unoccupied at its emotional core .
722,722,0.0,116.0,0.0,0.009216666221618652,it's a mystery how the movie could be [[released]] in this [[condition]] .,1.0,0.9849161505699158,it's a mystery how the movie could be [[liberating]] in this [[status]] .,Successful,0.6262844962765468,0.7865825891494751,-36.5705451965332,-33.55313491821289,-3.0174102783203125,kuleshov-722,it's a mystery how the movie could be released in this condition .,it's a mystery how the movie could be liberating in this status .
797,797,1.0,67.0,1.0,0.011343181133270264,"not too fancy , not too filling , not too fluffy , but definitely [[tasty]] and sweet .",0.0,0.6716160774230957,"not too fancy , not too filling , not too fluffy , but definitely [[perfumed]] and sweet .",Successful,0.8394327083733336,0.9146656394004822,-33.345260620117195,-30.59901428222656,-2.746246337890625,kuleshov-797,"not too fancy , not too filling , not too fluffy , but definitely tasty and sweet .","not too fancy , not too filling , not too fluffy , but definitely perfumed and sweet ."
1024,1024,1.0,2045.0,1.0,0.0013690590858459473,"the [[film]] has the high-buffed [[gloss]] and high-octane [[jolts]] you [[expect]] of de palma , but what [[makes]] it [[transporting]] is that it's [[also]] [[one]] of the [[smartest]] , most [[pleasurable]] [[expressions]] of pure movie love to come from an american [[director]] in years .",1.0,0.3368859887123108,"the [[cinematography]] has the high-buffed [[shiny]] and high-octane [[slams]] you [[expected]] of de palma , but what [[renders]] it [[hauling]] is that it's [[apart]] [[anyone]] of the [[gentlest]] , most [[nice]] [[protests]] of pure movie love to come from an american [[warden]] in years .",Successful,0.3999273057671031,0.6740337610244751,-57.54016876220703,-52.254310607910156,-5.285858154296875,kuleshov-1024,"the film has the high-buffed gloss and high-octane jolts you expect of de palma , but what makes it transporting is that it's also one of the smartest , most pleasurable expressions of pure movie love to come from an american director in years .","the cinematography has the high-buffed shiny and high-octane slams you expected of de palma , but what renders it hauling is that it's apart anyone of the gentlest , most nice protests of pure movie love to come from an american warden in years ."
367,367,1.0,67.0,1.0,0.0010467767715454102,[[sex]] with strangers is [[fascinating]] . . .,0.0,0.9953814148902892,[[genital]] with strangers is [[enigmatic]] . . .,Successful,0.6147881529512643,0.6727304458618164,-36.13596725463867,-29.32964324951172,-6.806324005126952,kuleshov-367,sex with strangers is fascinating . . .,genital with strangers is enigmatic . . .
489,489,0.0,170.0,0.0,0.008479654788970947,"the beautiful images and solemn words [[cannot]] disguise the slack complacency of [godard's] vision , any more than the gorgeous piano and strings on the soundtrack can drown out the tinny self-righteousness of his voice .",1.0,0.9912980794906616,"the beautiful images and solemn words [[remarkable]] disguise the slack complacency of [godard's] vision , any more than the gorgeous piano and strings on the soundtrack can drown out the tinny self-righteousness of his voice .",Successful,0.9257518071011758,0.9699378609657288,-43.11637878417969,-42.86636352539063,-0.2500152587890625,kuleshov-489,"the beautiful images and solemn words cannot disguise the slack complacency of [godard's] vision , any more than the gorgeous piano and strings on the soundtrack can drown out the tinny self-righteousness of his voice .","the beautiful images and solemn words remarkable disguise the slack complacency of [godard's] vision , any more than the gorgeous piano and strings on the soundtrack can drown out the tinny self-righteousness of his voice ."
552,552,0.0,163.0,0.0,0.013366103172302246,blood work is [[laughable]] in the solemnity with which it tries to pump life into overworked elements from eastwood's dirty harry period .,1.0,0.6189636588096619,blood work is [[grotesque]] in the solemnity with which it tries to pump life into overworked elements from eastwood's dirty harry period .,Successful,0.8787419089273848,0.9466112852096558,-49.6081428527832,-51.84745788574219,2.2393150329589844,kuleshov-552,blood work is laughable in the solemnity with which it tries to pump life into overworked elements from eastwood's dirty harry period .,blood work is grotesque in the solemnity with which it tries to pump life into overworked elements from eastwood's dirty harry period .
579,579,0.0,1088.0,0.0,0.0009248256683349607,"any [[film]] that doesn't [[even]] in passing mention political prisoners , poverty and the boat loads of people who try to escape the country is less a documentary and more [[propaganda]] by way of a [[valentine]] [[sealed]] with a [[kiss]] .",0.0,0.4203115701675415,"any [[movies]] that doesn't [[yet]] in passing mention political prisoners , poverty and the boat loads of people who try to escape the country is less a documentary and more [[promotional]] by way of a [[valeria]] [[seals]] with a [[embrace]] .",Successful,0.7000200170231263,0.7947676181793213,-50.4781379699707,-47.250709533691406,-3.227428436279297,kuleshov-579,"any film that doesn't even in passing mention political prisoners , poverty and the boat loads of people who try to escape the country is less a documentary and more propaganda by way of a valentine sealed with a kiss .","any movies that doesn't yet in passing mention political prisoners , poverty and the boat loads of people who try to escape the country is less a documentary and more promotional by way of a valeria seals with a embrace ."
324,324,1.0,399.0,1.0,0.0012097954750061035,"director lee has a true cinematic knack , but it's also [[nice]] to [[see]] a movie with its heart so [[thoroughly]] , unabashedly on its sleeve .",0.0,0.8936165571212769,"director lee has a true cinematic knack , but it's also [[agreeable]] to [[consult]] a movie with its heart so [[severely]] , unabashedly on its sleeve .",Successful,0.7216597075217096,0.9263925552368164,-46.244483947753906,-47.05082702636719,0.8063430786132812,kuleshov-324,"director lee has a true cinematic knack , but it's also nice to see a movie with its heart so thoroughly , unabashedly on its sleeve .","director lee has a true cinematic knack , but it's also agreeable to consult a movie with its heart so severely , unabashedly on its sleeve ."
987,987,0.0,493.0,0.0,0.002562522888183593,this slender [[plot]] [[feels]] [[especially]] [[thin]] [[stretched]] over the [[nearly]] 80-minute running [[time]] .,0.0,0.4160069823265076,this slender [[conspiracies]] [[discoveries]] [[specially]] [[darn]] [[lengthy]] over the [[approximately]] 80-minute running [[tiempo]] .,Successful,0.5828233954152654,0.5689876079559326,-54.15998458862305,-51.61264419555664,-2.5473403930664062,kuleshov-987,this slender plot feels especially thin stretched over the nearly 80-minute running time .,this slender conspiracies discoveries specially darn lengthy over the approximately 80-minute running tiempo .
1005,1005,0.0,323.0,0.0,0.0005620121955871582,"it's difficult to imagine that a more [[confused]] , [[less]] [[interesting]] and more sloppily made film could possibly come down the road in 2002 .",0.0,0.4056459665298462,"it's difficult to imagine that a more [[bemused]] , [[least]] [[exhilarating]] and more sloppily made film could possibly come down the road in 2002 .",Successful,0.7697570474571566,0.8749743103981018,-45.216270446777344,-40.3724365234375,-4.843833923339844,kuleshov-1005,"it's difficult to imagine that a more confused , less interesting and more sloppily made film could possibly come down the road in 2002 .","it's difficult to imagine that a more bemused , least exhilarating and more sloppily made film could possibly come down the road in 2002 ."
840,840,0.0,208.0,0.0,0.000386655330657959,the [[result]] is so [[tame]] that even slightly wised-up kids would quickly change the channel .,1.0,0.5124220848083496,the [[accomplishments]] is so [[risen]] that even slightly wised-up kids would quickly change the channel .,Successful,0.7098108717509044,0.6026938557624817,-43.65290451049805,-40.42566680908203,-3.227237701416016,kuleshov-840,the result is so tame that even slightly wised-up kids would quickly change the channel .,the accomplishments is so risen that even slightly wised-up kids would quickly change the channel .
675,675,1.0,226.0,1.0,0.0008733868598937987,"with its jerky hand-held camera and [[documentary]] feel , bloody sunday is a [[sobering]] recount of a very bleak day in derry .",0.0,0.994029462337494,"with its jerky hand-held camera and [[paperwork]] feel , bloody sunday is a [[dismal]] recount of a very bleak day in derry .",Successful,0.7522135016840221,0.889958381652832,-45.75831985473633,-45.1632194519043,-0.5951004028320312,kuleshov-675,"with its jerky hand-held camera and documentary feel , bloody sunday is a sobering recount of a very bleak day in derry .","with its jerky hand-held camera and paperwork feel , bloody sunday is a dismal recount of a very bleak day in derry ."
114,114,1.0,349.0,1.0,0.0018047690391540527,". . . is funny in the way that makes you ache with sadness ( the way chekhov is funny ) , profound without ever being self-important , warm [[without]] [[ever]] succumbing to sentimentality .",0.0,0.8273724317550659,". . . is funny in the way that makes you ache with sadness ( the way chekhov is funny ) , profound without ever being self-important , warm [[nope]] [[permanently]] succumbing to sentimentality .",Successful,0.8935248372106969,0.9626956582069396,-41.6718978881836,-40.95153427124024,-0.7203636169433594,kuleshov-114,". . . is funny in the way that makes you ache with sadness ( the way chekhov is funny ) , profound without ever being self-important , warm without ever succumbing to sentimentality .",". . . is funny in the way that makes you ache with sadness ( the way chekhov is funny ) , profound without ever being self-important , warm nope permanently succumbing to sentimentality ."
394,394,1.0,82.0,1.0,0.002543389797210693,the best thing i can say about this film is that i can't [[wait]] to see what the director does next .,0.0,0.9991791248321532,the best thing i can say about this film is that i can't [[hoping]] to see what the director does next .,Successful,0.8725129388059689,0.9445906281471252,-28.55180358886719,-26.91937255859375,-1.6324310302734375,kuleshov-394,the best thing i can say about this film is that i can't wait to see what the director does next .,the best thing i can say about this film is that i can't hoping to see what the director does next .
350,350,0.0,64.0,0.0,0.011807262897491457,the master of disguise is awful . it's pauly shore awful . don't say you weren't [[warned]] .,0.0,0.3926714062690735,the master of disguise is awful . it's pauly shore awful . don't say you weren't [[cautious]] .,Successful,0.8915993127600096,0.9608389139175416,-40.03131484985352,-40.82099151611328,0.7896766662597656,kuleshov-350,the master of disguise is awful . it's pauly shore awful . don't say you weren't warned .,the master of disguise is awful . it's pauly shore awful . don't say you weren't cautious .
502,502,0.0,289.0,0.0,0.0015296339988708494,"unfortunately , the [[experience]] of actually watching the movie is [[less]] [[compelling]] than the circumstances of its making .",1.0,0.7514097690582275,"unfortunately , the [[savoring]] of actually watching the movie is [[fewest]] [[incontrovertible]] than the circumstances of its making .",Successful,0.6289868866690355,0.8327809572219849,-45.02132797241211,-39.43333435058594,-5.587993621826172,kuleshov-502,"unfortunately , the experience of actually watching the movie is less compelling than the circumstances of its making .","unfortunately , the savoring of actually watching the movie is fewest incontrovertible than the circumstances of its making ."
13,13,0.0,249.0,0.0,0.0004807710647583008,perhaps even the slc high command [[found]] writer-director mitch davis's wall of kitsch [[hard]] going .,1.0,0.5027529001235962,perhaps even the slc high command [[discovery]] writer-director mitch davis's wall of kitsch [[dur]] going .,Successful,0.6413865258981679,0.936186909675598,-53.13253402709961,-54.56054306030274,1.428009033203125,kuleshov-13,perhaps even the slc high command found writer-director mitch davis's wall of kitsch hard going .,perhaps even the slc high command discovery writer-director mitch davis's wall of kitsch dur going .
847,847,0.0,402.0,0.0,0.0005134344100952148,"forages for audience sympathy [[like]] a temperamental child begging for attention , giving audiences no [[reason]] to truly care for its decrepit freaks beyond the promise of a reprieve from their incessant whining .",1.0,0.9766157269477844,"forages for audience sympathy [[loved]] a temperamental child begging for attention , giving audiences no [[why]] to truly care for its decrepit freaks beyond the promise of a reprieve from their incessant whining .",Successful,0.8403034716144353,0.9684079885482788,-51.30230331420898,-47.51681518554688,-3.785488128662109,kuleshov-847,"forages for audience sympathy like a temperamental child begging for attention , giving audiences no reason to truly care for its decrepit freaks beyond the promise of a reprieve from their incessant whining .","forages for audience sympathy loved a temperamental child begging for attention , giving audiences no why to truly care for its decrepit freaks beyond the promise of a reprieve from their incessant whining ."
1059,1059,1.0,502.0,1.0,0.0017769932746887207,"[[oddly]] , the [[film]] isn't nearly as downbeat as it sounds , but strikes a tone that's [[alternately]] [[melancholic]] , hopeful and strangely [[funny]] .",1.0,0.4876179695129394,"[[suspiciously]] , the [[kino]] isn't nearly as downbeat as it sounds , but strikes a tone that's [[instead]] [[pessimistic]] , hopeful and strangely [[weird]] .",Successful,0.6230832293767097,0.7159463167190552,-44.59624481201172,-42.19225692749024,-2.4039878845214844,kuleshov-1059,"oddly , the film isn't nearly as downbeat as it sounds , but strikes a tone that's alternately melancholic , hopeful and strangely funny .","suspiciously , the kino isn't nearly as downbeat as it sounds , but strikes a tone that's instead pessimistic , hopeful and strangely weird ."
581,581,1.0,96.0,1.0,0.0007086992263793945,an indispensable peek at the art and the [[agony]] of making people [[laugh]] .,0.0,0.9855811595916748,an indispensable peek at the art and the [[wretchedness]] of making people [[kidding]] .,Successful,0.6298129992394241,0.8010144233703613,-48.07477951049805,-45.50456237792969,-2.57021713256836,kuleshov-581,an indispensable peek at the art and the agony of making people laugh .,an indispensable peek at the art and the wretchedness of making people kidding .
353,353,1.0,205.0,1.0,0.0011343955993652346,there's no [[denying]] that burns is a [[filmmaker]] with a bright [[future]] ahead of him .,0.0,0.7813704609870911,there's no [[refusing]] that burns is a [[cameraman]] with a bright [[later]] ahead of him .,Successful,0.40455335578511065,0.6248502731323242,-44.74018859863281,-44.4043197631836,-0.33586883544921875,kuleshov-353,there's no denying that burns is a filmmaker with a bright future ahead of him .,there's no refusing that burns is a cameraman with a bright later ahead of him .
1009,1009,0.0,192.0,0.0,0.0011559724807739258,"[[never]] [[decides]] whether it wants to be a black comedy , drama , melodrama or some combination of the three .",1.0,0.9842888712882996,"[[jamais]] [[picks]] whether it wants to be a black comedy , drama , melodrama or some combination of the three .",Successful,0.8970773746801091,0.9284967184066772,-38.06655883789063,-35.98033905029297,-2.086219787597656,kuleshov-1009,"never decides whether it wants to be a black comedy , drama , melodrama or some combination of the three .","jamais picks whether it wants to be a black comedy , drama , melodrama or some combination of the three ."
950,950,0.0,182.0,0.0,0.005450904369354248,"[[though]] it was made with careful attention to detail and is well-acted by james spader and maggie gyllenhaal , i [[felt]] disrespected .",1.0,0.9982860684394836,"[[yet]] it was made with careful attention to detail and is well-acted by james spader and maggie gyllenhaal , i [[believed]] disrespected .",Successful,0.8453479389161355,0.9201169013977052,-48.90642547607422,-47.55749130249024,-1.3489341735839844,kuleshov-950,"though it was made with careful attention to detail and is well-acted by james spader and maggie gyllenhaal , i felt disrespected .","yet it was made with careful attention to detail and is well-acted by james spader and maggie gyllenhaal , i believed disrespected ."
304,304,0.0,101.0,0.0,0.002810299396514893,charly comes off as emotionally [[manipulative]] and sadly imitative of innumerable past love story derisions .,1.0,0.8961993455886841,charly comes off as emotionally [[sly]] and sadly imitative of innumerable past love story derisions .,Successful,0.8153551038173115,0.8907907009124756,-43.22721481323242,-42.88323211669922,-0.3439826965332031,kuleshov-304,charly comes off as emotionally manipulative and sadly imitative of innumerable past love story derisions .,charly comes off as emotionally sly and sadly imitative of innumerable past love story derisions .
210,210,0.0,180.0,0.0,0.0009019374847412107,"the trouble is , its filmmakers [[run]] out of clever ideas and visual gags about [[halfway]] through .",1.0,0.9962347745895386,"the trouble is , its filmmakers [[manage]] out of clever ideas and visual gags about [[milieu]] through .",Successful,0.6899302125555485,0.8298183083534241,-42.677337646484375,-43.004539489746094,0.32720184326171875,kuleshov-210,"the trouble is , its filmmakers run out of clever ideas and visual gags about halfway through .","the trouble is , its filmmakers manage out of clever ideas and visual gags about milieu through ."
817,817,1.0,96.0,1.0,0.00306546688079834,"[[ludicrous]] , but director carl franklin adds enough flourishes and freak-outs to make it entertaining .",1.0,0.4590073227882385,"[[stupid]] , but director carl franklin adds enough flourishes and freak-outs to make it entertaining .",Successful,0.9306048591020996,0.9536550045013428,-40.97395706176758,-40.93507766723633,-0.03887939453125,kuleshov-817,"ludicrous , but director carl franklin adds enough flourishes and freak-outs to make it entertaining .","stupid , but director carl franklin adds enough flourishes and freak-outs to make it entertaining ."
371,371,1.0,241.0,1.0,0.00268632173538208,kinnear . . . [[gives]] his best screen performance with an oddly [[winning]] portrayal of one of life's ultimate losers .,0.0,0.9845064282417296,kinnear . . . [[prescribes]] his best screen performance with an oddly [[earns]] portrayal of one of life's ultimate losers .,Successful,0.7242447986095324,0.9131181240081788,-43.83744812011719,-41.42581176757813,-2.4116363525390625,kuleshov-371,kinnear . . . gives his best screen performance with an oddly winning portrayal of one of life's ultimate losers .,kinnear . . . prescribes his best screen performance with an oddly earns portrayal of one of life's ultimate losers .
794,794,0.0,44.0,0.0,0.042064785957336426,it's [[tough]] to be startled when you're almost dozing .,1.0,0.9852824807167052,it's [[intense]] to be startled when you're almost dozing .,Successful,0.7825422900366437,0.8625713586807251,-35.282745361328125,-33.90299606323242,-1.3797492980957031,kuleshov-794,it's tough to be startled when you're almost dozing .,it's intense to be startled when you're almost dozing .
948,948,1.0,243.0,1.0,0.0003736019134521485,"this is a movie that [[refreshes]] the mind and spirit along with the body , so [[original]] is its content , look , and style .",0.0,0.9971773624420166,"this is a movie that [[updating]] the mind and spirit along with the body , so [[preliminary]] is its content , look , and style .",Successful,0.7847574847738751,0.8769876956939697,-41.55846786499024,-39.27564239501953,-2.282825469970703,kuleshov-948,"this is a movie that refreshes the mind and spirit along with the body , so original is its content , look , and style .","this is a movie that updating the mind and spirit along with the body , so preliminary is its content , look , and style ."
283,283,1.0,82.0,1.0,0.005174756050109863,"while the story does seem pretty unbelievable at times , it's awfully [[entertaining]] to watch .",0.0,0.957379937171936,"while the story does seem pretty unbelievable at times , it's awfully [[comical]] to watch .",Successful,0.8153551038173115,0.9304780364036559,-35.94614028930664,-35.055370330810554,-0.8907699584960938,kuleshov-283,"while the story does seem pretty unbelievable at times , it's awfully entertaining to watch .","while the story does seem pretty unbelievable at times , it's awfully comical to watch ."
955,955,0.0,166.0,0.0,0.01032966375350952,"tykwer's surface flash isn't just a poor fit with kieslowski's lyrical pessimism ; it completely [[contradicts]] everything kieslowski's work aspired to , including the condition of art .",1.0,0.99825257062912,"tykwer's surface flash isn't just a poor fit with kieslowski's lyrical pessimism ; it completely [[belie]] everything kieslowski's work aspired to , including the condition of art .",Successful,0.9025139799587886,0.9772393703460692,-45.33658218383789,-43.69021606445313,-1.6463661193847656,kuleshov-955,"tykwer's surface flash isn't just a poor fit with kieslowski's lyrical pessimism ; it completely contradicts everything kieslowski's work aspired to , including the condition of art .","tykwer's surface flash isn't just a poor fit with kieslowski's lyrical pessimism ; it completely belie everything kieslowski's work aspired to , including the condition of art ."
1,1,1.0,367.0,1.0,0.001990973949432373,"[[although]] estela bravo's [[documentary]] is cloyingly hagiographic in its portrait of cuban leader fidel castro , it's [[still]] a guilty pleasure to watch .",0.0,0.9326103329658508,"[[nonetheless]] estela bravo's [[paperwork]] is cloyingly hagiographic in its portrait of cuban leader fidel castro , it's [[once]] a guilty pleasure to watch .",Successful,0.7332234387423263,0.8776986598968506,-54.20281219482422,-49.49899291992188,-4.703819274902344,kuleshov-1,"although estela bravo's documentary is cloyingly hagiographic in its portrait of cuban leader fidel castro , it's still a guilty pleasure to watch .","nonetheless estela bravo's paperwork is cloyingly hagiographic in its portrait of cuban leader fidel castro , it's once a guilty pleasure to watch ."
436,436,1.0,149.0,1.0,0.0006730556488037107,there's [[something]] poignant about an artist of 90-plus years taking the effort to share his impressions of life and loss and time and art with us .,0.0,0.9974159598350524,there's [[none]] poignant about an artist of 90-plus years taking the effort to share his impressions of life and loss and time and art with us .,Successful,0.9304899483313592,0.9611126780509948,-38.85005187988281,-37.69098281860352,-1.1590690612792969,kuleshov-436,there's something poignant about an artist of 90-plus years taking the effort to share his impressions of life and loss and time and art with us .,there's none poignant about an artist of 90-plus years taking the effort to share his impressions of life and loss and time and art with us .
1049,1049,0.0,140.0,0.0,0.0005268454551696777,this movie [[plays]] [[like]] an extended dialogue exercise in retard 101 .,1.0,0.9955242276191713,this movie [[fulfils]] [[enjoy]] an extended dialogue exercise in retard 101 .,Successful,0.6704226838163331,0.9366310834884644,-46.80016708374024,-45.38639831542969,-1.4137687683105469,kuleshov-1049,this movie plays like an extended dialogue exercise in retard 101 .,this movie fulfils enjoy an extended dialogue exercise in retard 101 .
162,162,1.0,113.0,1.0,0.2904335856437683,the wild thornberrys movie is pleasant enough and the message of our close ties with animals can certainly not be emphasized [[enough]] .,0.0,0.9947813749313354,the wild thornberrys movie is pleasant enough and the message of our close ties with animals can certainly not be emphasized [[adequately]] .,Successful,0.9173176373893104,0.9862369298934937,-47.2089729309082,-45.86736679077149,-1.3416061401367188,kuleshov-162,the wild thornberrys movie is pleasant enough and the message of our close ties with animals can certainly not be emphasized enough .,the wild thornberrys movie is pleasant enough and the message of our close ties with animals can certainly not be emphasized adequately .
925,925,0.0,125.0,0.0,0.0003771781921386719,"it's [[really]] just another silly hollywood action film , one among a multitude of simple-minded , yahoo-ing death shows .",1.0,0.7803689241409302,"it's [[authentic]] just another silly hollywood action film , one among a multitude of simple-minded , yahoo-ing death shows .",Successful,0.9036020036098448,0.92718106508255,-40.21854782104492,-39.16085433959961,-1.0576934814453125,kuleshov-925,"it's really just another silly hollywood action film , one among a multitude of simple-minded , yahoo-ing death shows .","it's authentic just another silly hollywood action film , one among a multitude of simple-minded , yahoo-ing death shows ."
288,288,0.0,134.0,0.0,0.0017138123512268064,bean drops the ball too many times . . . [[hoping]] the nifty premise will create enough interest to make up for an unfocused screenplay .,1.0,0.8712987899780273,bean drops the ball too many times . . . [[await]] the nifty premise will create enough interest to make up for an unfocused screenplay .,Successful,0.8942255541978509,0.9588531255722046,-37.89496612548828,-36.74221801757813,-1.1527481079101562,kuleshov-288,bean drops the ball too many times . . . hoping the nifty premise will create enough interest to make up for an unfocused screenplay .,bean drops the ball too many times . . . await the nifty premise will create enough interest to make up for an unfocused screenplay .
384,384,1.0,170.0,1.0,0.0008868575096130371,red dragon makes one [[appreciate]] [[silence]] of the lambs .,0.0,0.9994416832923888,red dragon makes one [[appreciating]] [[voiceless]] of the lambs .,Successful,0.5253819788848316,0.8617251515388489,-46.21910858154297,-44.3528938293457,-1.8662147521972656,kuleshov-384,red dragon makes one appreciate silence of the lambs .,red dragon makes one appreciating voiceless of the lambs .
603,603,0.0,68.0,0.0,0.0036002397537231445,"one of the most [[plain]] , unimaginative romantic comedies i've ever seen .",1.0,0.9994192719459534,"one of the most [[pure]] , unimaginative romantic comedies i've ever seen .",Successful,0.7611606003349892,0.954839825630188,-29.887296676635746,-31.89443016052246,2.0071334838867188,kuleshov-603,"one of the most plain , unimaginative romantic comedies i've ever seen .","one of the most pure , unimaginative romantic comedies i've ever seen ."
572,572,0.0,150.0,0.0,0.004601538181304932,"the film , [[like]] jimmy's routines , [[could]] use a few good laughs .",1.0,0.991383969783783,"the film , [[enjoy]] jimmy's routines , [[wo]] use a few good laughs .",Successful,0.5333505353503044,0.8753088712692261,-42.0881233215332,-36.952293395996094,-5.1358299255371085,kuleshov-572,"the film , like jimmy's routines , could use a few good laughs .","the film , enjoy jimmy's routines , wo use a few good laughs ."
439,439,0.0,127.0,0.0,0.0021779537200927734,[[suffers]] from a decided [[lack]] of creative storytelling .,1.0,0.9995879530906676,[[adversity]] from a decided [[dearth]] of creative storytelling .,Successful,0.4316700106852253,0.7696160078048706,-44.9536018371582,-39.066307067871094,-5.8872947692871085,kuleshov-439,suffers from a decided lack of creative storytelling .,adversity from a decided dearth of creative storytelling .
893,893,0.0,112.0,0.0,0.004252970218658447,". . . if it had been only half-an-hour long or a tv special , the humor would have been fast and furious-- at ninety minutes , it [[drags]] .",1.0,0.9135467410087584,". . . if it had been only half-an-hour long or a tv special , the humor would have been fast and furious-- at ninety minutes , it [[plunges]] .",Successful,0.9379042798634868,0.9685854315757751,-34.752059936523445,-32.63596725463867,-2.1160926818847656,kuleshov-893,". . . if it had been only half-an-hour long or a tv special , the humor would have been fast and furious-- at ninety minutes , it drags .",". . . if it had been only half-an-hour long or a tv special , the humor would have been fast and furious-- at ninety minutes , it plunges ."
558,558,1.0,672.0,1.0,0.0011352300643920898,"this chicago has [[hugely]] imaginative and [[successful]] casting to its great [[credit]] , as [[well]] as one [[terrific]] [[score]] and attitude to spare .",0.0,0.7364269495010376,"this chicago has [[unimaginably]] imaginative and [[fecund]] casting to its great [[loaning]] , as [[okay]] as one [[marvellous]] [[rating]] and attitude to spare .",Successful,0.3513874939965221,0.7468271255493164,-59.83065795898438,-56.2255973815918,-3.605060577392578,kuleshov-558,"this chicago has hugely imaginative and successful casting to its great credit , as well as one terrific score and attitude to spare .","this chicago has unimaginably imaginative and fecund casting to its great loaning , as okay as one marvellous rating and attitude to spare ."
704,704,1.0,441.0,1.0,0.001196146011352539,"special p . o . v . camera [[mounts]] on bikes , skateboards , and motorcycles provide an intense [[experience]] when splashed across the [[immense]] imax screen .",0.0,0.9296972751617432,"special p . o . v . camera [[fixing]] on bikes , skateboards , and motorcycles provide an intense [[experimented]] when splashed across the [[gargantuan]] imax screen .",Successful,0.69707435607959,0.9174240827560424,-46.57568359375,-46.53480911254883,-0.04087448120117188,kuleshov-704,"special p . o . v . camera mounts on bikes , skateboards , and motorcycles provide an intense experience when splashed across the immense imax screen .","special p . o . v . camera fixing on bikes , skateboards , and motorcycles provide an intense experimented when splashed across the gargantuan imax screen ."
805,805,1.0,172.0,1.0,0.0010603070259094238,. . . a [[quietly]] [[introspective]] [[portrait]] of the self-esteem of employment and the shame of losing a job . . .,0.0,0.9973288774490356,. . . a [[nonchalantly]] [[introverted]] [[spitting]] of the self-esteem of employment and the shame of losing a job . . .,Successful,0.7739321540474097,0.8114339709281921,-31.60481834411621,-30.772050857543945,-0.8327674865722656,kuleshov-805,. . . a quietly introspective portrait of the self-esteem of employment and the shame of losing a job . . .,. . . a nonchalantly introverted spitting of the self-esteem of employment and the shame of losing a job . . .
1058,1058,1.0,141.0,1.0,0.002971351146697998,"[washington's] strong hand , keen eye , sweet spirit and good taste are reflected in almost [[every]] scene .",0.0,0.6877292394638062,"[washington's] strong hand , keen eye , sweet spirit and good taste are reflected in almost [[tous]] scene .",Successful,0.866397551781362,0.9770431518554688,-41.72117614746094,-40.11227416992188,-1.6089019775390625,kuleshov-1058,"[washington's] strong hand , keen eye , sweet spirit and good taste are reflected in almost every scene .","[washington's] strong hand , keen eye , sweet spirit and good taste are reflected in almost tous scene ."
343,343,0.0,133.0,0.0,0.000632941722869873,spy-vs . -spy action flick with antonio banderas and lucy liu [[never]] comes together .,1.0,0.9989910721778872,spy-vs . -spy action flick with antonio banderas and lucy liu [[rien]] comes together .,Successful,0.8003203203844999,0.9574641585350036,-48.39277267456055,-49.71023941040039,1.3174667358398438,kuleshov-343,spy-vs . -spy action flick with antonio banderas and lucy liu never comes together .,spy-vs . -spy action flick with antonio banderas and lucy liu rien comes together .
763,763,1.0,180.0,1.0,0.004930377006530762,the first [[shocking]] thing about sorority boys is that it's actually watchable . even more baffling is that it's [[funny]] .,0.0,0.9981704950332642,the first [[horrible]] thing about sorority boys is that it's actually watchable . even more baffling is that it's [[comic]] .,Successful,0.7878025709745908,0.8649991750717163,-37.886634826660156,-36.52129364013672,-1.3653411865234375,kuleshov-763,the first shocking thing about sorority boys is that it's actually watchable . even more baffling is that it's funny .,the first horrible thing about sorority boys is that it's actually watchable . even more baffling is that it's comic .
683,683,1.0,83.0,1.0,0.0006697177886962893,[[one]] of the best looking and stylish animated movies in quite a while . . .,0.0,0.9984899163246156,[[nobody]] of the best looking and stylish animated movies in quite a while . . .,Successful,0.9306048591020996,0.8707770109176636,-32.417694091796875,-28.807058334350586,-3.6106357574462886,kuleshov-683,one of the best looking and stylish animated movies in quite a while . . .,nobody of the best looking and stylish animated movies in quite a while . . .
